{
  "baseline": 0.6550942643957898,
  "fable": 0.6489011196422036
}