protocol,roc_auc_mean,roc_auc_std
random stratified 80/20 hold-out,0.8932164889106706,0.006365657482757471
stratified 5-fold CV,0.8936189216313697,0.009864756636737127
GroupKFold(5) by paper,0.6468598510800136,0.07564838572952946
StratifiedGroupKFold(5) x3 seeds,0.6468691956358884,0.054814963757713005
Leave-One-Paper-Out (pooled),0.6550942643957898,
