{
  "baseline": 0.6954287176998536,
  "fable": 0.6983692275695464
}