protocol,roc_auc_mean,roc_auc_std
random stratified 80/20 hold-out,0.9146215821776769,0.006968268511903676
stratified 5-fold CV,0.911962584785481,0.007091117775125434
GroupKFold(5) by paper,0.7058389915579609,0.10832700042636238
StratifiedGroupKFold(5) x3 seeds,0.7213843699454281,0.03570528344208887
Leave-One-Paper-Out (pooled),0.6954287176998536,
