{
  "XGBoost": {
    "pooled_roc_auc": 0.6741183031742642,
    "pooled_pr_auc": 0.8442054455516983
  },
  "KNN": {
    "pooled_roc_auc": 0.5792166259652681,
    "pooled_pr_auc": 0.7920362344117777
  },
  "Decision Tree": {
    "pooled_roc_auc": 0.5865523302106687,
    "pooled_pr_auc": 0.7770812705799113
  },
  "MLP": {
    "pooled_roc_auc": 0.6324893075424362,
    "pooled_pr_auc": 0.8262191403934664
  },
  "SVM (RBF)": {
    "pooled_roc_auc": 0.5963891965588414,
    "pooled_pr_auc": 0.7973188480202811
  }
}